love	amore
composing music	comporre musica
a charmer	un affascinatore
that's right!	esatto!
a tray	un vassoio
a politician	un politico
to fall in love	innamorarsi
that's true!	è vero!
a keyboard	una tastiera
a cocktail	un cocktail
to serve	servire
ordering a drink	ordinare una bevanda
music	musica
charm	fascino
a composer	un compositore
full of charm	pieno di fascino
to bow	chinarsi
being charming	essere affascinante
a minion	un servitore
pills	pillole
hands	mani
a heart	un cuore
a tracker	un tracciatore
a story	una storia
recruiting	reclutamento
a horse rider	un cavaliere
follow the money	seguire i soldi
beer	birra
a baby bottle	un biberon
a flashlight	una torcia
pointing the finger	puntare il dito
handwriting	calligrafia
economy	economia
a fiance	un fidanzato
drinking 	bere
a painting	un dipinto
a waiter	un cameriere
washing the dishes	lavare i piatti
 hello	ciao
a mask	una maschera
a customer	un cliente
strong	forte
a cape	un mantello
delivering a lecture	tenere una lezione
fighting for freedom	combattere per la libertà
a shepherd	un pastore
a pile of oranges	un mucchio di arance
dancing	ballando
the heart	il cuore
a blackmailer	un ricattatore
a miracle	un miracolo
a prowler	un intruso
asking questions	fare domande
blowing a kiss	lanciare un bacio
a patriot	un patriota
a loan	un prestito
a work of art	un'opera d'arte
corruption	corruzione
giving a speech	fare un discorso
ironic	ironico
an embrace	un abbraccio
serving	servire
a black bag	una borsa nera
moving ahead	andare avanti
a pharmacist	un farmacista
a romantic	un romantico
to shake hands	stringere la mano
a magician	un mago
a protector	un protettore
serving dinner	servire la cena
doing the dishes	lavare i piatti
paying the bill	pagare il conto
a sculptor	uno scultore
a creditor	un creditore
taking a picture	scattare una foto
a high five	un cinque (or "un cinque alto" for "high five")
gossip	pettegolezzo
sweet	dolce
making a toast	fare un brindisi
leaping	saltare
a king	un re
a business person	un imprenditore
a sea monster	un mostro marino
paying	pagando
a tour guide	una guida turistica
embracing	abbracciando
a lightbulb	una lampadina
the sense of hearing	il senso dell'udito
a puppet master	un burattinaio
leaving a tip	lasciare una mancia
a reward	una ricompensa
demanding payment	richiedere il pagamento
going on a date	andare a un appuntamento
a flock of sheep	un gregge di pecore
a purpose	uno scopo
a priest	un sacerdote
a dance	una danza
a troublemaker	un rompiscatole
a drug dealer	un spacciatore
a magic wand	una bacchetta magica
an introduction	un'introduzione
selling	vendere
in debt	in debito
to stalk	inseguire
spreading gossip	spargere pettegolezzi
a negotiator	un negoziatore
stroking a cat	accarezzare un gatto
a knight	un cavaliere
a cat lover	un amante dei gatti
idea	idea
searching	cercare
a sneak	un furfante
introducing  a friend	presentare un amico
a cheerleader	un cheerleader
pitching a ball	lanciare una palla
a monster	un mostro
happiness	felicità
supporting	sostenere
a kidnapper	un rapitore
a credit card	una carta di credito
successful	di successo
a lock	una serratura
an interview	un'intervista
a negotiation	una negoziazione
an animal lover	un amante degli animali
a handshake	una stretta di mano
tweeting	twittare
playing baseball	giocare a baseball
creepy	inquietante
muscular	muscoloso
interviewing	intervistare
to feed a baby	dare da mangiare a un bambino
opening a box	aprire una scatola
chains	catene
happy	felice
tracking	tracciamento
going the wrong way	andare nella direzione sbagliata
a good mood	un buon umore
kissing	baciando
a criminal	un criminale
doing business	fare affari
following the scent	seguendo l'odore
a restaurant	un ristorante
a stack of plates	una pila di piatti
a hero	un eroe
a hypocrite	un ipocrita
devious	subdolo
i'm happy	sono felice
loyalty	lealtà
a savior	un salvatore
renting	affittare
massaging	massaggiare
upbeat	ottimista
a lock and key	un lucchetto e una chiave
loving	amorevole
a stalker	un inseguiratore
a trickster	un burlone
a recruiter	un reclutatore
a helping hand	una mano amica
following	seguendo
a chain	una catena
baseball	baseball
a lover	un amante
breakfast	colazione
to praise	lodare
hoarding	accumulo
blackmail	ricatto
the sense of taste	il senso del gusto
sympathetic	comprensivo
a key	una chiave
running a business	gestire un'azienda
irony	ironia
dinner time	ora di cena
painting a picture	dipingere un quadro
tipping	mancia
a rescue	un salvataggio
a photographer	un fotografo
feeling positive	sentirsi positivo
a prince	un principe
crime	crimine
to free	liberare
pointing up	puntando verso l'alto
mischief	dispetto
to peel a banana	sbucciare una banana
a statue	una statua
goading	provocando
breakfast time	ora della colazione
causing trouble	causando problemi
offering money	offrendo soldi
magic	magia
a successful company	un'azienda di successo
a debt	un debito
a success	un successo
renting an apartment	affittare un appartamento
saluting	salutando
to cast a spell	lanciare un incantesimo
a joker	un burlone
a drink	una bevanda
the sky	il cielo
eating breakfast	fare colazione
sneaky	subdolo
heroic	eroico
a soft drink	una bevanda analcolica
a villain	un cattivo
an emperor	un imperatore
taking a photo	fare una foto
a suitor	uno spasimante
a greeting	un saluto
patriotic	patriottico
a guide	una guida
jumping	saltando
stacking dishes	impilare piatti
inspiration	ispirazione
giving a lecture	tenere una lezione
negotiating	negoziare
i'm satisfied	sono soddisfatto
a beverage	una bevanda
joy	gioia
a matador	un matador
offering a sacrifice	offrire un sacrificio
a hug	un abbraccio
sympathy	simpatia
social media	social media
profit	profitto
pointing the way	indicare la via
guiding the flock	guidare il gregge
listening	ascoltare
an interviewer	un intervistatore
an artist	un artista
an unsuccessful company	una compagnia non riuscita
the navy	la marina
to dance	danzare
to inspire	ispirare
economics	economia
dessert	dessert
slaughtering a lamb	macellare un agnello
in disguise	in incognito
hypocrisy	ipocrisia
a beer	una birra
a creep	un creepy
a pharmacy	una farmacia
a snake charmer	un incantatore di serpenti
a doubter	un dubbioso
an alien from another world	un alieno di un altro mondo
desperate	disperato
leading	di punta
a storm	una tempesta
disapproval	disapprovazione
a test subject	un soggetto di prova
a chase	un inseguimento
i don't understand	non capisco
a physicist	un fisico
a passport	un passaporto
a glass bowl	una ciotola di vetro
a passenger	un passeggero
a surfer	un surfista
a rainy day	un giorno di pioggia
grief	dolore
a ruler	un righello
torn apart	strappato
a pig	un maiale
an injury	un'infortunio
a cow	una mucca
a tiger	una tigre
to eat	mangiare
to silence	silenziare
an astronomer	un astronomo
a fight	una lotta
a reader	un lettore
a slave driver	un sfruttatore
in awe	in soggezione
a cutting board	un tagliere
a defender	un difensore
on the phone	al telefono
martial arts	arti marziali
a pain	un dolore
a radical	un radicale
walking a dog	portare a spasso un cane
doing math	fare matematica
a lawyer	un avvocato
an ache	un dolore
hungry	affamato
swimming	nuoto
banishing	banimento
a victory	una vittoria
a bad situation	una situazione brutta
fourteenth	quattordicesimo
a gun	una pistola
a parody	una parodia
mosquitos	zanzare
throwing a punch	sferrando un pugno
a searcher	un cercatore
embarrassment	imbarazzo
to ignore	ignorare
to get wet	bagnarsi
not seeing anything	non vedere nulla
a bomb	una bomba
chased by wasps	inseguito dalle vespe
a criticism	una critica
an opponent	un avversario
surgery	chirurgia
nine	nove
november	novembre
a dessert	un dessert
a preacher	un predicatore
on a mission	in missione
historical	storico
the police	la polizia
to escape	fuggire
spring	primavera
issuing a challenge	lanciare una sfida
a deep thinker	un pensatore profondo
a mourner	un partecipante al lutto
telling a lie	dire una bugia
a number	un numero
a dinosaur	un dinosauro
on the defensive	sulla difensiva
to pose	posare
vicious	maligno
cruel	crudele
a robber	un ladro
a coffin	una bara
to block	bloccare
seventeenth	diciassettesimo
a pretender	un usurpatore
interrogating	interrogare
an idiot	un idiota
an evaluation	una valutazione
a jogger	un corridore
cowardice	codardia
a boss	un capo
to launch	lanciare
evaluating the situation	valutando la situazione
to eject	espellere
turn left	girare a sinistra
an election campaign	una campagna elettorale
a blood sacrifice	un sacrificio di sangue
to feel disappointed	sentirsi deluso
an acrobat	un acrobata
a juggler	un giocoliere
shrugging	alzare le spalle
a fire extinguisher	un estintore
lecturing	insegnare
an investigator	un investigatore
cowardly	codardo
hypnotism	ipnotismo
a trap	una trappola
on one knee	in ginocchio
a flightless bird	un uccello incapace di volare
education	istruzione
a stink	una puzza
a slave	uno schiavo
to scold	rimproverare
please help me!	per favore aiutami!
a doubt	un dubbio
a frown	un cipiglio
to prevent	prevenire
disappointment	delusione
fierce	feroce
on a diet	a dieta
a nice day	una bella giornata
to feel sick	sentirsi male
a geek	un nerd
a speaker	un relatore
making a prediction	fare una previsione
watching tv	guardare la tv
a workout	un allenamento
nothing	niente
a conqueror	un conquistatore
a hunter	un cacciatore
an angel	un angelo
to explode	esplodere
to faint	svenire
a freak	un mostro
to stop	fermarsi
a slob	un trasandato
charming	affascinante
a toll road	un'autostrada a pagamento
demonic	demoniaco
an antique dealer	un antiquario
confident	sicuro di sé
burning with anger	bruciante di rabbia
a coffee drinker	un bevitore di caffè
indicating	indicante
a zombie	uno zombi
an argument	un litigio
a rebellion	una ribellione
i'm so tired	sono così stanco
a true believer	un vero credente
monday	lunedì
posing for a picture	posare per una foto
a gambler	un giocatore d'azzardo
famous	famoso
a general	un generale
to scream	urlare
a new world	un nuovo mondo
noisy	rumoroso
a blueprint	un progetto
to fart	scoreggiare
an announcement	un annuncio
to slap	schiaffeggiare
to spit	sputare
a judge	un giudice
a haircut	un taglio di capelli
falling over	cadere
a telephone	un telefono
passing the phone	passare il telefono
a pet	un animale domestico
a suspect	un sospetto
wielding a knife	brandire un coltello
to change clothes	cambiare vestiti
a critic	un critico
in love	innamorato
i'm too tired	sono troppo stanco
counting	contare
a mystery	un mistero
shaking like a leaf	tremare come una foglia
playing cards	giocare a carte
an old person	una persona anziana
to poke	infilzare
asking a question	fare una domanda
to negotiate	negoziare
to get sick	ammalarsi
a seedling	una piantina
to fall	cadere
an angry reaction	una reazione arrabbiata
snow	neve
a satire	una satira
getting answers	ottenere risposte
a thinker	un pensatore
october	ottobre
let me throw on some clothes	lasciami mettere dei vestiti
infatuated	infatuato
another world	un altro mondo
to make a mess	fare confusione
running	correre
goofing around	scherzare
twentieth	ventesimo
vulgar	volgare
making a movie	girare un film
a fireman	un pompiere
friday	venerdì
construction	costruzione
a coward	un vigliacco
a barber	un barbiere
a celebrity	una celebrità
ranting	ranting (no direct translation, could use "sfogarsi")
to swallow	inghiottire
a fiery response	una risposta infuocata
fifteen	quindici
my legs are shaking	le mie gambe tremano
a meteor shower	una pioggia di meteoriti
a demon	un demone
a panther	una pantera
to collapse	collassare
a dock	un molo
a competitor	un concorrente
to nag	criticare
a new building	un nuovo edificio
a commuter	un pendolare
an old man	un uomo anziano
a bull	un toro
a golfer	un golfista
spying	spionaggio
to fail	fallire
cheating at cards	barare a carte
uncertain	incerto
concern	preoccupazione
cheese	formaggio
a job	un lavoro
chaos	caos
reading a book	leggere un libro
a leash	un guinzaglio
a question	una domanda
an appetite	un appetito
to push	spingere
monitoring	monitoraggio
a gorilla	un gorilla
a skeptic	uno scettico
philosophical	filosofico
running away	fuggire
archery	tiro con l'arco
a tall person	una persona alta
no parking	divieto di sosta
a threat	una minaccia
to run away	scappare
nudity	nudità
a philosopher	un filosofo
a visitor	un visitatore
two	due
a typhoon	un tifone
the sense of sight	il senso della vista
just do it!	fallo e basta!
worried	preoccupato
to panic	entrare in panico
a bad smell	un cattivo odore
a beggar	un mendicante
hard work	duro lavoro
to cook	cucinare
 a leader	un leader
a jerk	un idiota
please be quiet	per favore fai silenzio
turn right	gira a destra
a mugger	un rapinatore
religion	religione
an alien	un alieno
torture	tortura
to arrive	arrivare
defiant	sfidante
a shock	uno shock
no!	no!
a clown	un pagliaccio
a giant fly	una mosca gigante
to protect	proteggere
to juggle	fare giocoleria
making a point	fare un'osservazione
voting	votazione
arriving	arrivando
to taunt	provocare
research	ricerca
a campaigner	un attivista
a mad scientist	uno scienziato pazzo
driving a hard bargain	contrattare duramente
dying	morendo
to recommend	raccomandare
standing proud	in piedi orgoglioso
defiance	sfida
a zealot	un fanatico
worry	preoccupazione
airport customs	dogana aeroportuale
to sing	cantare
in jail	in prigione
flattered	lusingato
the sense of speech	il senso del linguaggio
drinking a beer	bere una birra
a pervert	un pervertito
screaming	urlando
a snob	un snob
a pessimist	un pessimista
crossing the river	attraversare il fiume
an accusation	un'accusa
leaving	partire
a guinea pig	un porcellino d'India
blind	cieco
to introduce oneself	presentarsi
unable to speak	impossibilitato a parlare
a cleaner	un addetto alle pulizie
crying	piangendo
a fish bowl	una boccia per pesci
a slip	una slip
rollerskating	pattinaggio a rotelle
mischievous	birichino
nineteenth	diciannovesimo
suspicion	sospetto
a boat	una barca
a debate	un dibattito
a driver	un conducente
lacking courage	privo di coraggio
a picnic	un picnic
a terrorist	un terrorista
a winner	un vincitore
time	tempo
carrying boxes	portare scatole
a lion	un leone
rewarding	gratificante
to cut	tagliare
charging like a bull	caricare come un toro
a mathematician	un matematico
a janitor	un custode
breaking a confidence	rompere una fiducia
three	tre
an election	un'elezione
a betrayal	un tradimento
to make a scene	fare scena
to play golf	giocare a golf
to telephone	telefonare
to lunge	affondare
drinking coffee	bere caffè
suicide	suicidio
eighteen	diciotto
philosophy	filosofia
 behave suspiciously	comportarsi in modo sospetto
to train	allenarsi
a cheat	un imbroglione
a cyclist	un ciclista
falling leaves	foglie cadenti
an invalid	un invalido
to target	mirare
a thief	un ladro
setting down	appoggiandosi
holding an umbrella	tenendo un ombrello
a henchman	un scagnozzo
conquering	conquistando
a believer	un credente
i need to rest	ho bisogno di riposare
freedom	libertà
a terror threat	una minaccia terroristica
a surprise	una sorpresa
terrified	terrorizzato
a murderer	un assassino
a demand	una richiesta
to summon	convocare
to stab	pugnalare
to tease	prendere in giro
january	gennaio
a prisoner	un prigioniero
to judge someone	giudicare qualcuno
rage	rabbia
a secretary	un segretario
to run	correre
hard questions	domande difficili
travel	viaggiare
to lie	mentire
 a loser	un perdente
to argue	discutere
sixteenth	sedicesimo
to cut bread	tagliare il pane
making an arrest	effettuare un arresto
 a pet fish	un pesce domestico
 revealing a secret	rivelare un segreto
pessimistic	pessimista
smitten	colpito
to threaten	minacciare
condescending	condiscendente
pointing	puntando
a soap opera	una soap opera
a roaring panther	una pantera ruggente
rain	pioggia
to expel	espellere
curiosity	curiosità
a protest	una protesta
shouting	urlando
history	storia
a striker	un attaccante
a royal edict	un editto reale
to promote	promuovere
to spread	diffondere
a fan	un fan
an umbrella	un ombrello
to imitate	imitare
to imagine	immaginare
to get dressed	vestirsi
to be rejected	essere rifiutato
feeling sad	sentirsi triste
mathematics	matematica
a robbery	una rapina
a movie director	un regista
thirteen	tredici
september	settembre
an elephant	un elefante
sixteen	sedici
a roaring lion	un leone ruggente
room service	servizio in camera
a brown horse	un cavallo marrone
a design	un design
a child	un bambino
feeling depressed	sentirsi depresso
a polling station	un seggio elettorale
a fencer	un schermidore
a sword fight	un duello con la spada
a quitter	un rinunciatario
a farm	una fattoria
dangerous driving	guida pericolosa
a prosecutor	un pubblico ministero
depression	depressione
breaking free	liberarsi
an angel from heaven	un angelo dal cielo
a skeleton	uno scheletro
a challenge	una sfida
wasps	vespe
mind control	controllo mentale
a spy	una spia
examining	esaminando
a historian	un storico
hunting	caccia
a loaf of bread	un pane
nineteen	diciannove
exhaling	espirazione
july	luglio
a prank	uno scherzo
ticking the boxes	spuntare le caselle
angry	arrabbiato
a mouse	un topo
to hide evidence	nascondere prove
to vomit	vomitare
blowing	soffiare
a spider	un ragno
righteousmess	giustizia
the hunt	la caccia
no way!	non ci credo!
to compete	competere
a boxer	un pugile
dead	morto
seeing the future	vedere il futuro
a spaceship	un'astronave
a visit	una visita
a sermon	un sermone
accusing	accusare
to betray	tradire
an assassin	un assassino
to joke	scherzare
 mind control	controllo mentale
wednesday	mercoledì
a pet dog	un cane domestico
to banish	esiliare
thursday	giovedì
medicine	medicina
spreading rumours	spargere voci
to steal	rubare
to cut cheese	tagliare il formaggio
march	marzo
to fight	combattere
to hit	colpire
a holy person	una persona santa
june	giugno
to hide	nascondere
a bucket	un secchio
a killer	un assassino
making a list	fare una lista
a howling wolf	un lupo ululante
bowling	bowling
 a holy person	una persona santa
a horse	un cavallo
scary	spaventoso
to smell bad	puzzare
putting out a fire	spegnere un incendio
dedicated	dedicato
a patient	un paziente
a predator	un predatore
a vampire	un vampiro
a fall	una caduta
suspicious	sospetto
fourteen	quattordici
anxiety	ansia
a flag	una bandiera
a farmer	un contadino
a leak	una perdita
a rebel	un ribelle
whispering	sussurrando
brainwashing	lavaggio del cervello
confusion	confusione
carrying	portando
to ride a horse	cavalcare un cavallo
a hair stylist	un parrucchiere
tastes bad	sa di male
watching	guardando
a diary	un diario
a cook	un cuoco
to plot	complottare
looking for a solution	cercando una soluzione
a cookbook	un ricettario
disgusting	disgustoso
good weather	bel tempo
a tornado	un tornado
quitting	smettere
to avenge	vendicarsi
six	sei
the sense of touch	il senso del tatto
false	falso
get out	uscire
in pain	dolorante
a champion	un campione
a clock	un orologio
a roar	un ruggito
under arrest	sotto arresto
to insist	insistere
a howl	un ululato
a taxi	un taxi
to attack	attaccare
a builder	un costruttore
thirteenth	tredicesimo
shut up	stai zitto
an hour	un'ora
an ambulance	un'ambulanza
four	quattro
to bless	benedire
just go	vai pure
a soccer player	un calciatore
to impress	impressionare
a veteran	un veterano
to walk away	allontanarsi
a fighter	un combattente
unleashing	scatenare
a fugitive	un fuggitivo
to carry	portare
to surf	surfare
a wolf	un lupo
a mocker	un beffardo
looking closely	guardando da vicino
to defend	difendere
farting	scoresare
a surfboard	una tavola da surf
spraying bugs	spruzzare insetti
to beg	elemosinare
an interrogation	un'interrogazione
feeling suicidal	sentirsi suicida
to die	morire
a charming smile	un sorriso affascinante
a taskmaster	un tiranno
thinking	pensare
summer	estate
eight	otto
directing a movie	dirigere un film
a farm animal	un animale da fattoria
a search	una ricerca
a disagreement	un disaccordo
december	dicembre
swinging an axe	oscillare un'ascia
a reject	un rifiuto
twenty	venti
may	maggio
running scared	correndo spaventato
an attacker	un attaccante
to savage	sbranare
running into action	correre in azione
to smoke	fumare
an inventor	un inventore
target practice	tiro al bersaglio
a blessing	una benedizione
reading a comic	leggere un fumetto
to drive	guidare
a runner	un corridore
a satellite	un satellite
anger	rabbia
confused	confuso
a time bomb	una bomba a tempo
sitting down	seduto
a dog	un cane
reading a magazine	leggere una rivista
on a pedestal	su un piedistallo
a ghost	un fantasma
to hunt	cacciare
a look of disgust	uno sguardo di disgusto
to be fired	essere licenziato
unhygienic	poco igienico
a rider	un cavaliere
a liar	un bugiardo
laying blame	addossare la colpa
a fist	un pugno
a hypnotist	un ipnotista
a traitor	un traditore
a soldier	un soldato
to bowl	fare bowling
karaoke	karaoke
to design	progettare
a player	un giocatore
a bowling alley	una pista da bowling
probing	sondaggio
giving an order	dare un ordine
bug spray	spray per insetti
a campaign	una campagna
nature	natura
filling a bucket with water	riempire un secchio d'acqua
i insist!	insisto!
rolling his eyes	roteando gli occhi
to elude	eludere
bad weather	maltempo
howling	ululante
tempting	allettante
to throw mud	lanciare fango
a drinker	un bevitore
untidy	disordinato
to ride a bike	andare in bicicletta
a smoker	un fumatore
commanding	autoritario
to laugh	ridere
fighting	combattimento
ice skating	pattinaggio sul ghiaccio
a wound	una ferita
speaking	parlare
breaking the chains	spezzare le catene
a marksman	un tiratore
no smoking	divieto di fumo
a fierce tiger	una tigre feroce
a tough boss	un capo difficile
height	altezza
alcohol	alcol
august	agosto
to be expelled	essere espulso
to sit down	sedersi
a prayer	una preghiera
rude	scortese
to tempt	tentare
go straight ahead	andare dritto
a bully	un bullo
to oppress	opprimere
a dead man	un morto
autumn	autunno
a saint	un santo
the cold shoulder	il gelo
saturday	sabato
a baby	un bambino
an avenging angel	un angelo vendicatore
eighteenth	diciottesimo
a savage	un selvaggio
to kill	uccidere
a workplace	un luogo di lavoro
smug	compiaciuto
a sacrifice	un sacrificio
destruction	distruzione
one	uno
a screamer	un urlatore
a vampire killer	un cacciatore di vampiri
chased by mosquitos	inseguito dalle zanzare
to remember	ricordare
to clean	pulire
a difference of opinion	una differenza di opinione
a wild animal	un animale selvatico
a swarm of wasps	uno sciame di vespe
a customs official	un ufficiale doganale
an exotic bird	un uccello esotico
seven	sette
a genius	un genio
to search	cercare
biting	mordente
zero	zero
commuting	pendolarismo
a harbour	un porto
to react badly	reagire male
greedy	avido
a fortune teller	un indovino
to build	costruire
five	cinque
fifteenth	quindicesimo
a fierce lion	un leone feroce
a rocket	un razzo
to surprise	sorprendere
no smoking zone	zona non fumatori
to play around	scherzare
a target	un obiettivo
a lovely day	una giornata piacevole
a designer	un designer
reading a newspaper	leggere un giornale
anarchy	anarchia
an unpleasant taste	un gusto sgradevole
a head wound	una ferita alla testa
on fire	in fiamme
hunger	fame
a commander	un comandante
to swim	nuotare
a headache	mal di testa
swinging a sledgehammer	colpire con un martello pneumatico
charmed	incantato
to lash	frustare
grapes	uva
speeding	eccesso di velocità
begging	implorare
learning	apprendimento
a cynic	un cinico
to run off	scappare
looking at the stars	guardando le stelle
behind bars	dietro le sbarre
punching	colpire
brutal	brutale
compiling a list	compilare una lista
bad luck	sfortuna
to suspect	sospettare
mauling	sbranare
calculating	calcolatore
a detective	un detective
a famous scientist	un famoso scienziato
to cut in two	tagliare in due
a captive	un prigioniero
disgust	disgusto
a penguin	un pinguino
childish	infantile
none	nessuno
april	aprile
to lay down	sdraiarsi
a challenger	un sfidante
a swimmer	un nuotatore
to drive fast	guidare veloce
to frown	aggrottare le sopracciglia
a pretense	una finzione
an astronaut	un astronauta
a fiend	un demonio
a digit	una cifra
asking for mercy	chiedere pietà
a calculator	una calcolatrice
a diet	una dieta
to plead	supplicare
seventeen	diciassette
a bowl	una ciotola
a burden	un peso
a recommendation	una raccomandazione
an admirer	un ammiratore
scared	spaventato
an axe	un'ascia
to invent	inventare
an explosion	un'esplosione
a skunk	un puzzola
a singer	un cantante
playing golf	giocare a golf
a victim	una vittima
a bicycle	una bicicletta
a surgeon	un chirurgo
writing	scrivere
a motorcycle	una motocicletta
an infant	un neonato
a biker	un motociclista
loud	forte
springtime	primavera
a backbiter	un pettegolezzo
to hinder	ostacolare
to kick	dare un calcio
kneeling down	inginocchiarsi
a gold medal	una medaglia d'oro
an emergency	un'emergenza
to win a medal	vincere una medaglia
to pray	pregare
to create	creare
an angry mob	una folla arrabbiata
a phantom	un fantasma
a mob	una folla
an archer	un arciere
sllence	silenzio
commitment	impegno
good luck	buona fortuna
a scientist	uno scienziato
following a cause	seguire una causa
to take aim	prendere la mira
to deceive	ingannare
to tune out	ignorare
waving a flag	sventolare una bandiera
a whirlwind	un turbine
a stranger	uno sconosciuto
a fool	un idiota
making an announcement	fare un annuncio
to mock	deridere
the sense of smell	il senso dell'olfatto
death	morte
rejected	rifiutato
arrival	arrivo
winter	inverno
an entertainer	un intrattenitore
preaching	predicazione
a critique	una critica
a low voice	una voce bassa
a shrug	un gesto di spalle
shooting a gun	sparare una pistola
a bad feeling	una cattiva sensazione
in hiding	in nascondiglio
to be embarrassed	essere imbarazzato
alarm	allarme
to be sick	essere malato
thunder and lightning	tuoni e fulmini
cleaning	pulizia
unconscious	incosciente
making a mistake	fare un errore
february	febbraio
confidence	fiducia
learning math	imparare la matematica
attacking	attacco
tuesday	martedì
a treat	una sorpresa
sweating	sudare
making a mess	fare confusione
a swamp	una palude
taking a break	fare una pausa
to shout	urlare
pollution	inquinamento
graduation	laurea
a fence	una recinzione
a dojo	un dojo
a gun range	un poligono di tiro
a gym	una palestra
a temple	un tempio
a greenhouse	una serra
to interrupt	interrompere
a leaning tower	una torre pendente
diplomacy	diplomazia
very serious	molto serio
a hacker	un hacker
feeling low	sentirsi giù
misery	miseria
to bow respectfully	inchinarsi rispettosamente
gold	oro
to calculate	calcolare
a barbecue	un barbecue
a white house	una casa bianca
a conversation	una conversazione
blood	sangue
you disgust me!	mi fai schifo!
the suburbs	i sobborghi
god	dio
a country road	una strada di campagna
an arch	un arco
advertizing	pubblicità
serious	serio
a prison	una prigione
the climate	il clima
i'm so sad	sono così triste
a man on a horse	un uomo a cavallo
rome	roma
a magnet	un magnete
sand	sabbia
a recording booth	una cabina di registrazione
a dome	una cupola
a garden	un giardino
a blend	una miscela
walking into a trap	camminare in una trappola
shivering	tremante
a car factory	una fabbrica di automobili
i insist	insisto
to uncover a trap	scoprire una trappola
a lush forest	una foresta lussureggiante
a rainbow	un arcobaleno
a townhouse	una casa a schiera
colorado	Colorado
welcoming with open arms	accogliere a braccia aperte
a snow-capped mountain	una montagna innevata
china	Cina
a tram	un tram
romance	romanzo
to admire	ammirare
russia	Russia
playing the drums	suonare la batteria
sheep in a field	pecore in un campo
a forest trail	un sentiero nel bosco
africa	africa
a garden party	una festa in giardino
indonesia	indonesia
a tavern	una taverna
heaven	cielo
a busy intersection	un incrocio trafficato
stop that!	ferma quello!
a government building	un edificio governativo
a chemical plant	un impianto chimico
a great wall	una grande muraglia
what should i do?	cosa dovrei fare?
to point	puntare
hacking	hacking
a disaster zone	una zona di disastro
a warrior	un guerriero
a celebration	una celebrazione
go straight ahead!	vai dritto!
a fever	una febbre
a wall	un muro
saying hello	dire ciao
a schedule	un programma
a stomach ache	mal di stomaco
to flee	fuggire
a sunny day	una giornata di sole
a rainforest	una foresta pluviale
the open road	la strada aperta
a train	un treno
a traffic accident	un incidente stradale
an infection	un'infezione
a guitarist	un chitarrista
a wooden house	una casa di legno
to heckle	dileggiare
japan	giappone
a rowing boat	una barca a remi
a blizzard	una tormenta di neve
hospital exterior	esterno dell'ospedale
a castle in a valley	un castello in una valle
to be late	essere in ritardo
multiplication and division	moltiplicazione e divisione
a dam	una diga
straight ahead	dritto avanti
lacking inspiration	mancanza di ispirazione
i'm not impressed	non sono impressionato
hitchhiking	autostop
subtraction	sottrazione
trophy room	sala trofei
a peace deal	un accordo di pace
to reject	rifiutare
a lake in the mountain	un lago in montagna
to celebrate	celebrare
what do you think you're doing?	cosa pensi di stare facendo?
to decide	decidere
washing your hair	lavare i capelli
an iron tower	una torre di ferro
the attic	la soffitta
i don't believe you	non ti credo
the south pole	il polo sud
a blacksmith's forge	una fucina di fabbro
a volcano	un vulcano
a lake	un lago
well done!	ben fatto!
playing a video game	giocare a un videogioco
complaining	lamentarsi
a movie theatre	un cinema
exercising	esercitarsi
lava	lava
a smile	un sorriso
a black river	un fiume nero
a sprinter	un velocista
a guess	un indovinello
a military base	una base militare
to poke fun	prendere in giro
a kitchen	una cucina
gravity	gravità
a casino	un casinò
studying chemistry	studiare chimica
skeletons	scheletri
a city gate	una porta cittadina
a high tower	una torre alta
listen to me!	ascoltami!
an embassy	un'ambasciata
a red light	una luce rossa
persuade me!	persuadimi!
a large house	una casa grande
a famous museum	un museo famoso
telling a joke	raccontare una barzelletta
a pyramid	una piramide
starting a fight	iniziare una rissa
to whistle	fischiare
a dunk shot	un tiro in schiocco
a city at night	una città di notte
looking for ideas	cercare idee
a ttraffic signal	un semaforo
the same	lo stesso
a high window	una finestra alta
a pigeon	una colomba
to struggle	lottare
a meditation garden	un giardino di meditazione
filled with worry	pieno di preoccupazione
a drum	un tamburo
to compare	confrontare
sensing danger	percepire il pericolo
to sigh	sospirare
a cinema	un cinema
an accident	un incidente
falling asleep	addormentarsi
the north pole	il polo nord
a marsh	una palude
knitting a sweater	lavorare a maglia un maglione
to compromise	compromettere
a chemical reaction	una reazione chimica
a row boat	una barca a remi
a sale	una svendita
sneering	deridere
to smile	sorridere
a low trench	una trincea bassa
a boat dock	un molo
a hedgehog	un riccio
playing a computer game	giocando a un videogioco
a valley	una valle
mixing	mescolando
a grassland	una prateria
a sports field	un campo sportivo
welcome mat	zerbino
a dungeon	un dungeon
chicago	chicago
polluting traffic	traffico inquinante
cuba	cuba
a radio station	una stazione radio
a suburb	un sobborgo
to make a point	fare un punto
bodies	corpi
making demands	fare richieste
philadelphia	filadelfia
a planet	un pianeta
to blend	mescolarsi
let's do it!	facciamolo!
a stone bridge	un ponte di pietra
a glacier	un ghiacciaio
waking up	svegliarsi
a loser	un perdente
moscow	Mosca
snacking	fare uno spuntino
a financial crash	un crollo finanziario
to complain	lamentarsi
facing the world	affrontare il mondo
getting up	alzarsi
country music	musica country
a global summit	un vertice globale
it's a success!	è un successo!
the moon	la luna
a factory	una fabbrica
a sad movie	un film triste
let's work together	lavoriamo insieme
let's go!	andiamo!
a compromise	un compromesso
a warehouse	un magazzino
to play go	giocare a go
hope	speranza
a courtyard	un cortile
exercise equipment	attrezzature per esercizi
fear	paura
a desert	un deserto
a cafeteria	una caffetteria
a walled city	una città murata
goodbye	arrivederci
the campaign trail	il percorso della campagna
a modern city	una città moderna
a traditional town	un paese tradizionale
making plans	fare progetti
making peace	fare pace
the gates	le porte
a science fair	una fiera della scienza
spilling a drink	rovesciare una bevanda
a sign	un segno
a green light	un semaforo verde
an observatory	un osservatorio
a giant statue	una statua gigante
the sun	il sole
night time	notte
death and destruction	morte e distruzione
holding a club	tenendo un bastone
usa	USA
a failure	un fallimento
the stock market	il mercato azionario
i've had enough of this	ne ho avuto abbastanza di questo
comedy	commedia
steps	scale
a carrot	una carota
uninspired	privo di ispirazione
an office party	una festa in ufficio
laughter	risata
a university town	una città universitaria
a church	una chiesa
to open a jar	aprire un barattolo
the countryside	la campagna
a flat mountain	una montagna piatta
to realize	realizzare
sulking	imbronciato
a hill	una collina
to yawn	sbadigliare
a freezer	un congelatore
attraction	attrazione
a park at night	un parco di notte
a refrigerator	un frigorifero
trees	alberi
we did it!	ce l'abbiamo fatta!
to spot a trap	individuare una trappola
to drink from the bottle	bere dalla bottiglia
a tennis player	un tennista
mountain trees	alberi di montagna
a billboard	un cartellone
a boulevard	un viale
a car crash	un incidente d'auto
a noisy street	una strada rumorosa
i can't wait	non vedo l'ora
i see what you mean	capisco cosa intendi
a coal mine	una miniera di carbone
a giant rock	una roccia gigante
a tower far away	una torre lontana
to sulk	fare il muso
a fort	un forte
a gate	un cancello
knitting a scarf	lavorare a maglia una sciarpa
a mountain	una montagna
knitting	lavorare a maglia
what time is it?	che ore sono?
a beach party	una festa in spiaggia
limping	zoppicando
a chemist	un chimico
to feel sad	sentirsi triste
a butterfly	una farfalla
a stone arch	un arco di pietra
a violinist	un violinista
a decision	una decisione
impatient	impaziente
a motel	un motel
korea	Corea
a town centre	un centro città
a joke	una barzelletta
a roof garden	un giardino pensile
see you later!	a dopo!
traditional houses	case tradizionali
bitter	amaro
towers	torri
a quiet street	una strada tranquilla
these are the same	questi sono gli stessi
holding a ball	tenendo una palla
a row of houses	una fila di case
a raven	un corvo
a protest march	una marcia di protesta
the winter palace	il palazzo d'inverno
a tower	una torre
in a bank	in una banca
a giant	un gigante
an incline	una pendenza
ready for anything	pronti per tutto
sunshine	sole
a war zone	una zona di guerra
a water tower	un serbatoio d'acqua
a rooftop	un tetto
lost	perso
to shiver	tremare
an actor	un attore
i've made my decision	ho preso la mia decisione
to mix	mescolare
a narrow mountain	una montagna stretta
global warming	riscaldamento globale
a group of people	un gruppo di persone
pride	orgoglio
spain	Spagna
a mountain trail	un sentiero di montagna
a fashion show	una sfilata di moda
the sea	il mare
a dry land	una terra asciutta
europe	Europa
playing tennis	giocare a tennis
to say goodbye	dire addio
a bargain	un affare
a can opener	un apriscatole
a white fence	una recinzione bianca
i said no!	ho detto di no!
to greet	salutare
naïve	naïve
a famous cathedral	una cattedrale famosa
a forest path	un sentiero nella foresta
prepared	preparato
a snack	uno snack
basketball	basket
an advert	una pubblicità
i don't know	non lo so
a stop sign	un segnale di stop
studying math	studiare matematica
a crowd	una folla
thank you!	grazie!
mud	fango
a yawn	uno sbadiglio
congratulations	congratulazioni
a dark tower	una torre nera
a drunkard	un ubriacone
clouds	nuvole
a coffee shop	un caffè
to dump	scaricare
hobbling	zoppicando
an advertisement	una pubblicità
going forward	andare avanti
a train station	una stazione ferroviaria
to play the saxophone	suonare il sassofono
holding a flower	tenendo un fiore
the red carpet	il tappeto rosso
a block of ice	un blocco di ghiaccio
to look in the mirror	guardarsi allo specchio
a supermarket	un supermercato
yellow grass	erba gialla
a boy band	una boy band
a diplomat	un diplomatico
a race	una corsa
optimistic	ottimista
falling to earth	cadere sulla terra
chemistry	chimica
playing the violin	suonare il violino
let me say something	fammi dire qualcosa
michigan	Michigan
on sale	in vendita
a slum	un baraccopoli
invasion	invasione
to prepare	preparare
eager	ansioso
a server farm	un data center
a good investment	un buon investimento
a business	un'azienda
a cave	una grotta
to weigh	pesare
a launch pad	una piattaforma di lancio
a graduation ceremony	una cerimonia di laurea
a food truck	un food truck
a dictator	un dittatore
a sharp blade	una lama affilata
buildings	edifici
a jar	un barattolo
crawling	strisciare
bored	annoiato
to surrender	arrendersi
coming together	unirsi
capitalism	capitalismo
a courthouse	un tribunale
a windmill	un mulino a vento
a plan	un piano
a dangerous situation	una situazione pericolosa
family	famiglia
help me!	aiutami!
a space station	una stazione spaziale
meditating	meditare
skyscrapers	grattacieli
to meditate	meditare
gravel	ghiaia
graves	tombe
the ancient world	il mondo antico
a scary place	un posto spaventoso
a throne	un trono
to worry	preoccuparsi
optimism	ottimismo
castle walls	mura del castello
a basketball court	un campo da basket
winners and losers	vincitori e perdenti
a changing room	uno spogliatoio
solving math problems	risolvere problemi di matematica
an obstacle	un ostacolo
a crow	un corvo
a remote farm	una fattoria isolata
a university	un'università
the world	il mondo
on the clock	sul orologio
a playground	un parco giochi
a skyscraper	un grattacielo
a martyr	un martire
a mansion	una villa
a river	un fiume
entertaining	intrattenente
a graveyard	un cimitero
a forest	una foresta
new zealand	Nuova Zelanda
a vandal	un vandalo
a rainy forest	una foresta piovosa
a traffic crossing	un attraversamento pedonale
a salon	un salone
a castle	un castello
gambling	gioco d'azzardo
a tourist attraction	un'attrazione turistica
drowning	annegamento
to choose	scegliere
a dining room	una sala da pranzo
a cliff	una scogliera
a lighthouse	un faro
chemicals	sostanze chimiche
lightning	fulmine
to welcome	accogliere
to lose	perdere
to sympathize	simpatizzare
balancing on one leg	in equilibrio su una gamba
green energy	energia verde
out of ideas	senza idee
i feel terrible!	mi sento terribile!
a rocky path	un sentiero roccioso
to succeed	avere successo
a step forward	un passo avanti
a pet bird	un uccello domestico
a village	un villaggio
a confrontation	una conflittuale
calm	calma
boring	noioso
looking for clues	cercando indizi
to persuade	persuadere
sarcasm	sarcasmo
an art studio	uno studio d'arte
a tool	uno strumento
a discount	uno sconto
a presentation	una presentazione
a balloon	un pallone
playing a game	giocare a un gioco
to cooperate	cooperare
thailand	Thailandia
houses	case
a launch	un lancio
i don't want this!	non voglio questo!
attractive	attraente
a drunk	ubriaco
open gates	porte aperte
busy traffic	traffico intenso
a living room	un soggiorno
the base of a tower	la base di una torre
the ocean	l'oceano
the north	il nord
a city	una città
a bay	una baia
indigestion	indigestione
cautious	cauto
to cry	piangere
10 percent discount	10 percent discount - sconto del 10 percento
a bridge	a bridge - un ponte
a gift	a gift - un regalo
a virus	a virus - un virus
butterflies	butterflies - farfalle
whistling	whistling - fischiare
a recording studio	a recording studio - uno studio di registrazione
clean energy	clean energy - energia pulita
anxious	anxious - ansioso
doing yoga	doing yoga - fare yoga
 a canyon	a canyon - un canyon
a pond	a pond - uno stagno
a music festival	a music festival - un festival musicale
a street	a street - una strada
a camel	a camel - un cammello
a scary house	a scary house - una casa spaventosa
a drought	a drought - una siccità
a block	a block - un isolato
a palace	a palace - un palazzo
a museum	a museum - un museo
a shop window	una vetrina
a mountain pass	un passo montano
a debate stage	un palcoscenico per dibattiti
a plaza	una piazza
a blowdryer	un asciugacapelli
these are different	questi sono diversi
a laundrette	una lavanderia
climate change	cambiamento climatico
starting a fire	accendere un fuoco
bones	ossa
explaining	spiegare
the evening news	il telegiornale
a busy highway	un'autostrada trafficata
to measure	misurare
this tastes terrible	questo ha un sapore terribile
inflating a balloon	gonfiare un pallone
a film director	un regista
a statue on a mountain	una statua su una montagna
rocks	rocce
holding a branch	tenere un ramo
after you!	dopo di te!
playing video games	giocare ai videogiochi
airplane interior	interno dell'aereo
a screen	uno schermo
a toilet	un bagno
a tourist	un turista
a library	una biblioteca
a wall covered with graffiti	un muro ricoperto di graffiti
rubbish	spazzatura
the sky at night	il cielo di notte
addition	addizione
a cathedral	una cattedrale
the last man standing	l'ultimo uomo in piedi
to present	presentare
applause	applausi
a park bench	una panchina del parco
being polite	essere educati
a corpse	un cadavere
going straight ahead	andare dritto
count me out!	non contate su di me!
the game of go	il gioco del go
extinction	estinzione
a step	un passo
a crutch	una stampella
starting an argument	avviare una discussione
a bedroom	una camera da letto
a musician	un musicista
sex	sesso
a boxing ring	un ring di boxe
an intersection	un incrocio
a ruin	una rovina
blowing a trumpet	suonare una tromba
stairs	scale
unsatisfied	insoddisfatto
i've lost my way	mi sono perso
france	Francia
unconvinced	non convinto
to point out	far notare
i'm so bored	mi annoio così tanto
to win	vincere
playing a board game	giocando a un gioco da tavolo
i'm leaving	sto andando via
a battle	una battaglia
an athlete	un atleta
the desert	il deserto
a negotiating table	un tavolo di negoziazione
a transformation	una trasformazione
india	India
rats	ratti
stepping down	dimettendo
showing respect	mostrare rispetto
a grocery store	un negozio di alimentari
the northern lights	le aurore boreali
observant	osservante
the right tool for the job	lo strumento giusto per il lavoro
a police state	uno stato di polizia
a conference room	una sala conferenze
playing the banjo	suonare il banjo
a ball	una palla
flipping a coin	lanciare una moneta
a wilderness	una wilderness
a promontory	un promontorio
hello	ciao
to explain	spiegare
a secret bunker	un bunker segreto
a serious attitude	un atteggiamento serio
a hospital	un ospedale
a tortoise	una tartaruga
the military	i militari
italy	Italia
respectful	rispettoso
smog	smog
playing go	giocare a go
to avoid	evitare
different	diverso
the airport	l'aeroporto
a romantic gesture	un gesto romantico
a castle on a hill	un castello su una collina
playing the saxophone	suonare il sassofono
dry land	terra asciutta
being assertive	essere assertivo
a barricade	una barricata
a consulate	un consolato
graffiti	graffiti
a jungle	una giungla
a balcony	un balcone
a mountain view	una vista di montagna
a highway	un'autostrada
a bank	una banca
a shell	un guscio
to chew	masticare
to spray paint	fare graffiti
a building site	un cantiere
to thank	ringraziare
the elders	gli anziani
blending	mescolamento
a classroom	un'aula
miserable	miserabile
australia	Australia
a dressing room	un camerino
an arena	un'arena
medical science	scienza medica
a sports bar	un bar sportivo
jogging	corsa
a checkpoint	un punto di controllo
crippled	disabile
to unite	unire
the earth	la terra
a court	un tribunale
a town square	una piazza
feeling tired	sentirsi stanco
a drawing board	una tavola da disegno
an interview room	una sala per interviste
to boo	fischiare
weighing the options	valutare le opzioni
being sarcastic	essere sarcastico
luggage	bagagli
a war memorial	un memoriale di guerra
an office	un ufficio
a window	una finestra
taiwan	taiwan
a broken leg	una gamba rotta
a movie	un film
an opera house	un teatro dell'opera
brazil	brasil
a wind farm	un parco eolico
clapping	applausi
a hotel	un hotel
an oil well	un pozzo di petrolio
i want to say something	voglio dire qualcosa
shampoo	shampoo
an explanation	una spiegazione
an alley	un vicolo
a waterfall	una cascata
hell	inferno
a theatre stage	un palcoscenico
a police station	una stazione di polizia
trembling with fear	tremante di paura
breaking a sweat	sudare
a laboratory	un laboratorio
the economy	l'economia
what is this?	cos'è questo?
a cactus	un cactus
columns	colonne
to sneer	deridere
a remote land	una terra remota
a refugee camp	un campo profughi
i understand	capisco
drying your hair	asciugare i capelli
to quit	smettere
cool	figo
a trench	una trincea
a city street	una strada cittadina
a video game	un videogioco
to clap	applaudire
to open a can	aprire una lattina
hopeful	speranzoso
a battlefield	un campo di battaglia
a beach	una spiaggia
spitting	sputando
how much time do i have?	quanto tempo ho?
welcoming	accogliente
proud	orgoglioso
a nuclear plant	una centrale nucleare
suave	affascinante
a hometown	una città natale
playing the guitar	suonare la chitarra
black water	acqua nera
a spill	una fuoriuscita
a memorial	un memoriale
a jazz club	un club jazz
the philippines	le Filippine
a field	un campo
smoke	fumo
dark forest	foresta oscura
a parrot	un pappagallo
a rubbish dump	una discarica
a path	un sentiero
a planetarium	un planetario
stars	stelle
a training area	un'area di addestramento
a luxury yacht	uno yacht di lusso
a market	un mercato
a company	un'azienda
mars	Marte
a school	una scuola
fast food	fast food
a record label	un'etichetta discografica
the planets	i pianeti
the marketplace	il mercato
drive thru window	finestra per il drive-thru
a control room	una sala di controllo
a community centre	un centro comunitario
a charity shop	un negozio di beneficenza
mercury	mercurio
neptune	nettuno
a barrier	una barriera
a school yard	un cortile scolastico
high security	alta sicurezza
a charity event	un evento di beneficenza
a mountain top	una cima di montagna
a space ship on the moon	una navetta spaziale sulla luna
flying cars	auto volanti
junk food	cibo spazzatura
a desk	una scrivania
a galaxy	una galassia
landing on the moon	atterraggio sulla luna
backstage	dietro le quinte
I am going	Sto andando
You are going	Stai andando
He is going	Sta andando
She is going	Sta andando
We are going	Stiamo andando
You are going (plural)	Voi andate
They are going	Loro vanno
I eat	Io mangio
You eat	Tu mangi
He eats	Lui mangia
an obstacle course	un percorso ad ostacoli
a doctor's office	uno studio medico
a fishing port	un porto di pesca
a field of flowers	un campo di fiori
a psychiatrist	uno psichiatra
takeout food	cibo da asporto
a record shop	un negozio di dischi
venus	venere
a dream world	un mondo dei sogni
leaving the moon	lasciare la luna
a space ship	un'astronave
a sunset	un tramonto
a spark	una scintilla
a void	un vuoto
an mri machine	una macchina per risonanza magnetica
a school sportsfield	un campo sportivo scolastico
a training hall	una palestra
a workshop	un laboratorio
uranus	urano
outer space	lo spazio esterno
a natural history museum	un museo di storia naturale
the milky way	la via lattea
the solar system	il sistema solare
jupiter	giove
a locker room	uno spogliatoio
a secure area	un'area sicura
science fiction	fantascienza
a theatre	un teatro
the future	il futuro
She eats	Lei mangia
We eat	Noi mangiamo
You eat (plural)	Voi mangiate
They eat	Loro mangiano
I drink	Io bevo
You drink	Tu bevi
He drinks	Lui beve
She drinks	Lei beve
We drink	Noi beviamo
You drink (plural)	Voi bevete
They drink	Loro bevono
I read	Leggo
You read	Leggi
He reads	Lui legge
She reads	Lei legge
We read	Noi leggiamo
You read (plural)	Voi leggete
They read	Loro leggono
I ride	Vado a cavallo
You ride	Vai a cavallo
He rides	Lui monta
She rides	Lei monta
We ride	Noi montiamo
You ride (plural)	Voi montate
They ride	Loro montano
I work	Io lavoro
You work	Tu lavori
He works	Lui lavora
She works	Lei lavora
We work	Noi lavoriamo
You work (plural)	Voi lavorate
They work	Loro lavorano
I speak	Io parlo
You speak	Tu parli
He speaks	Lui parla
She speaks	Lei parla
We speak	Noi parliamo
You speak (plural)	Voi parlate
They speak	Loro parlano
I can't believe how tired I am	Non posso credere a quanto sia stanco
Breakfast time!	È ora della colazione!
This is so good!	Questo è così buono!
I'm ready to tackle the day!	Sono pronto ad affrontare la giornata!
See you later!	A dopo!
Whoa, easy there!	Ehi, calma lì!
Ahh!	Ahh!
Ouch...	Ahi...
What happened?	Cosa è successo?
I can't believe you did that!	Non posso credere che tu l'abbia fatto!
Scene 0	Scena 0
Alfie yawns in the kitchen.	Alfie sbadiglia in cucina.
Alfie pours a bowl of cereal in the kitchen.	Alfie versa una ciotola di cereali in cucina.
Alfie munches in the kitchen.	Alfie masticano in cucina.
Alfie feels ready for anything in the kitchen.	Alfie si sente pronto per tutto in cucina.
Alfie waves goodbye at the outside front door.	Alfie saluta addio dalla porta principale esterna.
Scene 2	Scena 2
Alfie is riding a horse in the gravel path.	Alfie sta cavalcando un cavallo sul sentiero di ghiaia.
Alfie is falling off horse in the gravel path.	Alfie sta cadendo dal cavallo sul sentiero di ghiaia.
Alfie is lying on ground in the gravel path. On the right is a riderless horse.	Alfie è sdraiato per terra sul sentiero di ghiaia. Sulla destra c'è un cavallo senza cavaliere.
Alfie is regaining consciousness in the gravel path. Betty is throwing water in the gravel path.	Alfie sta riacquistando conoscenza nel sentiero di ghiaia. Betty sta gettando acqua nel sentiero di ghiaia.
Alfie is soaking wet in the gravel path. Betty is unapologetic in the gravel path.	Alfie è fradicio nel sentiero di ghiaia. Betty è imperturbabile nel sentiero di ghiaia.
I'm so tired!	Sono così stanco!
Time for my favorite cereal!	È tempo per il mio cereale preferito!
Yum, this is delicious!	Yum, questo è delizioso!
I'm ready to take on the day!	Sono pronto ad affrontare la giornata!
Goodbye, see you later!	Arrivederci, ci vediamo dopo!
Time to wake up	È tempo di svegliarsi
Let's see what we have for breakfast	Vediamo cosa abbiamo per colazione
Ugh, this tastes terrible	Ugh, questo ha un sapore terribile
I don't feel so good	Non mi sento molto bene
Oh no, not again!	Oh no, di nuovo!
Whoa!	Wow!
Ahhh!	Ahhh!
Ouch	Ahi!
I'm all wet!	Sono tutto bagnato!
Where are you taking me?	Dove mi porti?
Don't come any closer!	Non avvicinarti!
What are you doing with that?	Cosa stai facendo con quello?
Help! Let me go!	Aiuto! Lasciami andare!
This is amazing! I can feel the wind in my hair!	Questo è incredibile! Sento il vento nei capelli!
I won't let anything stop me!	Non lascerò che nulla mi fermi!
No! Not now!	No! Non ora!
Help! Get away from me!	Aiuto! Stai lontano da me!
I can't give up now, I need to keep moving!	Non posso arrendermi ora, devo continuare a muovermi!
Time to create something extraordinary!	È tempo di creare qualcosa di straordinario!
This will change everything!	Questo cambierà tutto!
Rise up against the oppressors!	Ribellati contro gli oppressori!
For freedom!	Per la libertà!
I'm really looking forward to another day at work!	Non vedo l'ora di un altro giorno di lavoro!
This coffee is just what I needed to wake up.	Questo caffè è proprio ciò di cui avevo bisogno per svegliarmi.
Remember, mix these chemicals carefully!	Ricorda, mescola questi prodotti chimici con cura!
Uh-oh, I think I added too much!	Uh-oh, credo di aver aggiunto troppo!
This is not how I planned my day to go!	Questo non è come avevo pianificato la mia giornata!
Look at me go!	Guarda come vado!
This book is so interesting!	Questo libro è così interessante!
I guess this is what happens when you fall!	Immagino che questo sia ciò che succede quando cadi!
You will follow my every command	Seguirai ogni mio comando.
Feel the power of my words	Senti il potere delle mie parole.
Join me in my crusade	Unisciti a me nella mia crociata.
Trust me, this is our destiny	Fidati di me, questo è il nostro destino.
Here comes the pitch!	Ecco che arriva il lancio!
Oops!	Ops!
Are you okay?	Stai bene?
I’m outta here!	Vado via!
Alfie is yawning in the kitchen.	Alfie sta sbadigliando in cucina.
Alfie is pouring a bowl of cereal in the kitchen.	Alfie sta versando una ciotola di cereali in cucina.
Alfie is munching in the kitchen.	Alfie sta masticando in cucina.
Alfie is feeling ready for anything in the kitchen.	Alfie si sente pronto per qualsiasi cosa in cucina.
Alfie is waving goodbye in the outside front door.	Alfie sta salutando dall'uscio di casa.
Scene 1	Scena 1
Alfie is waking up in the bedroom.	Alfie si sta svegliando in camera da letto.
Alfie is tasting something unpleasant in the kitchen.	Alfie sta assaggiando qualcosa di sgradevole in cucina.
Alfie is feeling unwell in the kitchen.	Alfie si sente male in cucina.
Alfie is vomiting in the kitchen.	Alfie sta vomitando in cucina.
Alfie riding a horse in the gravel path.	Alfie sta cavalcando un cavallo nel sentiero di ghiaia.
Alfie falling off horse in the gravel path.	Alfie sta cadendo dal cavallo nel sentiero di ghiaia.
Alfie lying on ground in the gravel path. On the right is a riderless horse.	Alfie è sdraiato a terra nel sentiero di ghiaia. A destra c'è un cavallo senza cavaliere.
Alfie regaining consciousness in the gravel path, Betty is throwing water.	Alfie sta riprendendo conoscenza nel sentiero di ghiaia, Betty sta gettando acqua.
Alfie soaking wet in the gravel path, Betty is unapologetic.	Alfie è fradicio nel sentiero di ghiaia, Betty non si scusa.
Scene 3	Scena 3
Alfie is in a wheelchair in the hospital interior, while Betty evaluates with a checklist.	Alfie è in sedia a rotelle nell'interno dell'ospedale, mentre Betty valuta con una lista di controllo.
Alfie is waiting in the wheelchair, and Betty pops out unexpectedly.	Alfie sta aspettando nella sedia a rotelle, e Betty appare inaspettatamente.
Alfie is defensive as Betty returns with a knife and syringe.	Alfie è difensivo mentre Betty ritorna con un coltello e una siringa.
Alfie is running away as Betty cackles cynically, with an empty wheelchair in the middle.	Alfie sta scappando mentre Betty ridacchia cinicamente, con una sedia a rotelle vuota in mezzo.
Scene 4	Scena 4
Alfie is riding a horse in the forest.	Alfie sta cavalcando un cavallo nella foresta.
Alfie is riding with determination in the rocky foothills at dusk. On the right is a wild dog.	Alfie sta cavalcando con determinazione nelle colline rocciose al crepuscolo. Sulla destra c'è un cane selvaggio.
Alfie is falling off horse in the rocky foothills at dusk. On the right is a howling dog.	Alfie sta cadendo da cavallo nelle colline rocciose al crepuscolo. Sulla destra c'è un cane che ulula.
Alfie is mauled by dog in the rocky foothills at dusk.	Alfie è sbranato da un cane nelle colline rocciose al crepuscolo.
Alfie is riding with injuries in the rocky foothills at dusk.	Alfie sta cavalcando con ferite nelle colline rocciose al crepuscolo.
Scene 5	Scena 5
Alfie is mixing ingredients in the kitchen.	Alfie sta mescolando ingredienti in cucina.
Alfie is mixing chemicals in the kitchen.	Alfie sta mescolando sostanze chimiche in cucina.
Alfie is preaching revolution in the government plaza while Betty is plugging her ears.	Alfie sta predicando rivoluzione nella piazza del governo mentre Betty si tappa le orecchie.
Alfie is throwing a bomb in the government plaza while Betty is running away.	Alfie sta lanciando una bomba nella piazza del governo mentre Betty sta scappando.
Scene 6	Scena 6
Alfie is motorcycling to work in the chemical plant Betty is cycling to work in the chemical plant.	Alfie va al lavoro in motocicletta nella fabbrica chimica, Betty va al lavoro in bicicletta nella fabbrica chimica.
Alfie is drinking coffee in the break room Betty is lighting cigar in the break room. In the middle is a vending machine.	Alfie sta bevendo caffè nella stanza pausa, Betty sta accendendo un sigaro nella stanza pausa. In mezzo c'è un distributore automatico.
Alfie is mixing chemicals in the laboratory Betty is smoking cigar in the laboratory.	Alfie sta mescolando sostanze chimiche nel laboratorio, Betty sta fumando un sigaro nel laboratorio.
Alfie is blowing up in the laboratory Betty is engulfed in flames in the laboratory.	Alfie sta esplodendo nel laboratorio, Betty è avvolta dalle fiamme nel laboratorio.
Alfie is all charred in the chemical plant Betty is still smoldering in the chemical plant.	Alfie è tutto bruciato nella fabbrica chimica, Betty sta ancora fumando nella fabbrica chimica.
Scene 7	Scena 7
Alfie is confidently rollerskating in the park.	Alfie sta pattinando a rotelle con sicurezza nel parco.
Betty is reading while cycling in the boulevard.	Betty sta leggendo mentre pedala sul boulevard.
Alfie is falling on his rollerskates, and Betty is falling off her bicycle in the boulevard.	Alfie sta cadendo sui suoi pattini a rotelle, e Betty sta cadendo dalla sua bicicletta sul boulevard.
Alfie is in a wheelchair with two broken legs, and Betty is on crutches outside the hospital.	Alfie è in sedia a rotelle con due gambe rotte, e Betty è con le stampelle fuori dall'ospedale.
Scene 8	Scena 8
Alfie is using a strange device in the laundrette, his eyes locked on Betty, who is entranced.	Alfie sta usando un dispositivo strano nella lavanderia, i suoi occhi fissi su Betty, che è incantata.
Alfie is speaking intensely, gesturing towards the washing machines, while Betty appears enthralled and focused.	Alfie parla intensamente, gesticolando verso le lavatrici, mentre Betty appare rapita e concentrata.
Alfie leans closer, whispering passionately, while Betty's expression shifts to determination.	Alfie si avvicina, sussurrando appassionatamente, mentre l'espressione di Betty si trasforma in determinazione.
Alfie stands in the shadows, a sly smile on his face, while Betty nods eagerly, a sinister glow in her eyes.	Alfie sta in ombra, un sorriso astuto sul volto, mentre Betty annuisce con entusiasmo, un bagliore sinistro nei suoi occhi.
Scene 9	Scena 9
Alfie throws a baseball while Betty prepares to swing the bat.	Alfie lancia una palla da baseball mentre Betty si prepara a colpire con la mazza.
Alfie drops the bat as the baseball hits Betty in the head.	Alfie lascia cadere la mazza mentre la palla da baseball colpisce Betty in testa.
Alfie shrugs while Betty struggles to regain her balance.	Alfie scrolla le spalle mentre Betty cerca di ristabilire il suo equilibrio.
Alfie runs away as Betty swings the bat angrily above her head.	Alfie scappa mentre Betty brandisce la mazza con rabbia sopra la testa.
Time to start the day!	È ora di iniziare la giornata!
Just a quick breakfast.	Solo una colazione veloce.
Yum, this is good!	Mmm, questo è buono!
I feel like I can take on the world!	Sento che posso affrontare il mondo!
Bye, everyone!	Ciao a tutti!
Just a little bit more cereal...	Solo un po' di cereali in più...
Ugh, what is this taste?	Ugh, che sapore è questo?
I don't feel so good...	Non mi sento tanto bene...
I can't believe this is happening!	Non posso credere che questo stia succedendo!
I'm doing it!	Ce la sto facendo!
Wake up!	Svegliati!
I'm drenched!	Sono fradicio!
You needed a wake-up call!	Avevi bisogno di una sveglia!
Oh, just a little evaluation time.	Oh, solo un po' di tempo per la valutazione.
I don’t want to be here!	Non voglio essere qui!
Don't worry, I’ll be right back.	Non preoccuparti, torno subito.
Get away from me!	Staccati da me!
You won't get far, Alfie.	Non andrà lontano, Alfie.
I have to escape!	Devo scappare!
You can't run from me!	Non puoi scappare da me!
I can do this	Posso farlo.
Look at those foothills, I have to push through	Guarda quelle colline, devo andare avanti.
Help!	Aiuto!
I won't give up	Non mi arrenderò.
I'm mixing the perfect blend to create something amazing!	Sto mescolando la combinazione perfetta per creare qualcosa di sorprendente!
This combination will change everything!	Questa combinazione cambierà tutto!
Rise up! We must demand change now!	Alzati! Dobbiamo chiedere cambiamento ora!
It’s too loud! I can’t hear anything!	È troppo rumoroso! Non riesco a sentire niente!
This is for freedom!	Questo è per la libertà!
We need to get out of here!	Dobbiamo uscire di qui!
Time to start another day	È tempo di iniziare un altro giorno.
Better make this one quick	Meglio fare presto.
I need an extra cup today	Ho bisogno di una tazza extra oggi.
This will wake me up	Questo mi sveglierà.
Just a few more adjustments	Solo alcune regolazioni in più.
Perfect, I need this for my collection	Perfetto, ho bisogno di questo per la mia collezione.
Watch out!	Attenzione!
Not what I expected!	Non era quello che mi aspettavo!
Note to self, don’t mix those chemicals	Nota per me stesso, non mescolare quelle sostanze chimiche.
Guess I went a bit overboard	Credo di aver esagerato un po'
This book is so good!	Questo libro è così bello!
Oh no!	Oh no!
At least we’re healing together.	Almeno stiamo guarendo insieme.
Yeah, we’ll get through this!	Sì, ce la faremo!
You must listen to me carefully	Devi ascoltarmi attentamente
I will do as you say	Farò come dici
Your mind is becoming clearer now	La tua mente sta diventando più chiara ora
I feel powerful	Mi sento potente
Embrace the change, it’s for the greater good	Abbraccia il cambiamento, è per il bene comune
Yes, I understand now	Sì, adesso capisco
Follow my path, and you’ll be unstoppable	Segui il mio cammino e sarai inarrestabile
I'm ready to serve	Sono pronto a servire
Nice pitch!	Bel lancio!
I'm ready for this!	Sono pronto per questo!
Ow! That hurt!	Ahi! Fa male!
Just a little dizzy...	Solo un po' di vertigini...
I'm outta here!	Me ne vado da qui!
Get back here!	Torna qui!
Alfie wakes up in the bedroom, stretching and yawning.	Alfie si sveglia nella camera da letto, stiracchiandosi e sbadigliando.
Alfie pours a bowl of cereal in the kitchen, looking focused.	Alfie versa una ciotola di cereali in cucina, apparendo concentrato.
Alfie tastes something unpleasant in the kitchen, grimacing.	Alfie assaggia qualcosa di sgradevole in cucina, facendo una smorfia.
Alfie holds his stomach in the kitchen, looking worried.	Alfie si tiene la pancia in cucina, sembrando preoccupato.
Alfie is vomiting in the kitchen, looking distressed.	Alfie sta vomitando in cucina, sembrando afflitto.
Alfie rides confidently on the horse along the gravel path.	Alfie cavalca con sicurezza il cavallo lungo il sentiero di ghiaia.
Alfie falls off the horse, landing on the gravel path.	Alfie cade dal cavallo, atterrando sul sentiero di ghiaia.
Alfie lies on the ground, the horse nearby without a rider.	Alfie è sdraiato a terra, il cavallo vicino senza cavaliere.
Alfie regains consciousness as Betty throws water on him in the gravel.	Alfie riprende conoscenza mentre Betty gli lancia dell'acqua sopra nella ghiaia.
Alfie stands soaked while Betty looks unapologetic on the gravel path.	Alfie sta in piedi fradicio mentre Betty sembra impassibile sul sentiero di ghiaia.
Alfie is in a wheelchair in the hospital interior while Betty evaluates with a checklist.	Alfie è in sedia a rotelle nell'interno dell'ospedale mentre Betty valuta con una lista di controllo.
Alfie is waiting in a wheelchair as Betty pops out.	Alfie sta aspettando in sedia a rotelle mentre Betty appare.
Alfie is defensive while Betty returns with a knife and syringe.	Alfie è difensivo mentre Betty ritorna con un coltello e una siringa.
Alfie is running away as Betty cackles cynically; an empty wheelchair is in the middle.	Alfie sta scappando mentre Betty ridacchia cinicamente; una sedia a rotelle vuota è in mezzo.
Alfie rides confidently through the forest on his horse.	Alfie cavalca con sicurezza attraverso la foresta sul suo cavallo.
Alfie rides with determination in the rocky foothills at dusk, a wild dog nearby.	Alfie cavalca con determinazione nelle pendici rocciose al crepuscolo, un cane selvatico nelle vicinanze.
Alfie falls off his horse in the rocky foothills at dusk, a howling dog to the right.	Alfie cade dal suo cavallo nelle pendici rocciose al crepuscolo, un cane che ulula a destra.
Alfie is mauled by the dog in the rocky foothills at dusk.	Alfie è sbranato dal cane nelle pendici rocciose al crepuscolo.
Alfie rides with injuries, continuing through the rocky foothills at dusk.	Alfie cavalca con ferite, continuando attraverso le pendici rocciose al crepuscolo.
Alfie is preaching revolution in the government plaza; Betty is plugging her ears.	Alfie sta predicando rivoluzione nella piazza del governo; Betty si tappava le orecchie.
Alfie is throwing a bomb in the government plaza; Betty is running away.	Alfie sta lanciando una bomba nella piazza del governo; Betty sta scappando.
Alfie is roller skating confidently at the park.	Alfie pattina con sicurezza al parco.
Betty is reading a book while cycling along the boulevard.	Betty sta leggendo un libro mentre pedala lungo il viale.
Alfie and Betty both fall as they lose balance in the boulevard.	Alfie e Betty cadono entrambi mentre perdono l'equilibrio nel viale.
Alfie is in a wheelchair with two broken legs outside the hospital, while Betty is on crutches.	Alfie è su una sedia a rotelle con due gambe rotte davanti all'ospedale, mentre Betty è su delle stampelle.
Alfie is focused on Betty, trying to implant ideas in her mind.	Alfie è concentrato su Betty, cercando di impiantare idee nella sua mente.
Alfie stands closer, intensity in his gaze as he speaks to her.	Alfie si avvicina, intensità nel suo sguardo mentre le parla.
Alfie gestures dramatically while Betty appears entranced.	Alfie gesticola drammaticamente mentre Betty sembra rapita.
Alfie appears sly and calculating, Betty looks determined.	Alfie appare astuto e calcolatore, Betty sembra determinata.
Alfie throws a baseball while Betty prepares to swing her bat.	Alfie lancia una pallina da baseball mentre Betty si prepara a colpire con la sua mazza.
Alfie accidentally drops the bat while the ball hits Betty on the head.	Alfie fa cadere accidentalmente la mazza mentre la pallina colpisce Betty in testa.
Alfie shrugs while Betty feels groggy after the injury.	Alfie shruga mentre Betty si sente stordita dopo l'infortunio.
Alfie runs away while Betty swings her bat angrily over her head.	Alfie scappa mentre Betty colpisce la sua mazza con rabbia sopra la testa.
money is important in this situation.	Il denaro è importante in questa situazione.
the judgment is important.	il giudizio è importante.
